               epoch,      train/box_loss,      train/obj_loss,      train/cls_loss,   metrics/precision,      metrics/recall,     metrics/mAP_0.5,metrics/mAP_0.5:0.95,        val/box_loss,        val/obj_loss,        val/cls_loss,               x/lr0,               x/lr1,               x/lr2
                   0,             0.04396,            0.029472,            0.025221,                   0,                   0,                   0,                   0,             0.04343,            0.031348,            0.025155,              0.0928,              0.0008,              0.0008
                   1,            0.044165,            0.028731,            0.025198,                   0,                   0,                   0,                   0,            0.042944,            0.032718,            0.025152,            0.084692,           0.0016916,           0.0016916
                   2,            0.042629,            0.031913,            0.025187,                   0,                   0,                   0,                   0,            0.042444,            0.034266,            0.025149,            0.076574,           0.0025743,           0.0025743
                   3,            0.042724,            0.029115,            0.025175,                   0,                   0,                   0,                   0,            0.041955,            0.035806,            0.025146,            0.068448,            0.003448,            0.003448
                   4,            0.042613,            0.030891,            0.025169,                   0,                   0,                   0,                   0,            0.041436,            0.037372,            0.025144,            0.060313,           0.0043129,           0.0043129
                   5,            0.041312,            0.032403,            0.025162,                   0,                   0,                   0,                   0,            0.041069,            0.038401,            0.025141,            0.052169,           0.0051688,           0.0051688
                   6,            0.041746,            0.032498,            0.025162,                   0,                   0,                   0,                   0,            0.040834,            0.038966,             0.02514,            0.044016,           0.0060159,           0.0060159
                   7,            0.041629,            0.032505,            0.025131,                   0,                   0,                   0,                   0,            0.040661,             0.03927,            0.025139,            0.035854,            0.006854,            0.006854
                   8,            0.041773,            0.030464,            0.025103,                   0,                   0,                   0,                   0,            0.040551,            0.039336,            0.025136,            0.027683,           0.0076832,           0.0076832
                   9,            0.041367,            0.033316,            0.025085,                   0,                   0,                   0,                   0,            0.040502,            0.039268,            0.025134,            0.019504,           0.0085035,           0.0085035
                  10,            0.041825,            0.030686,            0.025068,                   0,                   0,                   0,                   0,            0.040469,            0.039134,            0.025131,            0.011315,           0.0093149,           0.0093149
                  11,            0.042425,            0.027786,            0.025053,                   0,                   0,                   0,                   0,            0.040447,            0.038843,            0.025122,           0.0094555,           0.0094555,           0.0094555
                  12,            0.042238,            0.027842,            0.025028,                   0,                   0,                   0,                   0,            0.040446,            0.038602,            0.025114,           0.0094555,           0.0094555,           0.0094555
                  13,            0.040938,            0.031373,            0.025018,                   0,                   0,                   0,                   0,             0.04045,             0.03835,            0.025104,            0.009406,            0.009406,            0.009406
                  14,            0.041175,            0.029939,            0.025012,                   0,                   0,                   0,                   0,             0.04046,            0.038073,            0.025092,           0.0093565,           0.0093565,           0.0093565
                  15,             0.04166,             0.02981,            0.024983,                   0,                   0,                   0,                   0,            0.040471,            0.037622,            0.025068,            0.009307,            0.009307,            0.009307
                  16,            0.041743,            0.028808,            0.024935,                   0,                   0,                   0,                   0,             0.04046,            0.037318,            0.025041,           0.0092575,           0.0092575,           0.0092575
                  17,            0.042801,             0.02619,            0.024914,                   0,                   0,                   0,                   0,            0.040451,            0.036961,            0.024994,            0.009208,            0.009208,            0.009208
                  18,            0.042179,            0.026362,            0.024878,                   0,                   0,                   0,                   0,            0.040446,            0.036581,            0.024949,           0.0091585,           0.0091585,           0.0091585
                  19,            0.041671,            0.027812,            0.024854,                   0,                   0,                   0,                   0,            0.040454,            0.035997,             0.02489,            0.009109,            0.009109,            0.009109
                  20,            0.041379,            0.027448,            0.024811,                   0,                   0,                   0,                   0,            0.040421,            0.035628,            0.024833,           0.0090595,           0.0090595,           0.0090595
                  21,            0.041217,            0.027941,            0.024778,                   0,                   0,                   0,                   0,             0.04042,            0.035178,            0.024812,             0.00901,             0.00901,             0.00901
                  22,            0.041577,            0.028493,            0.024743,                   0,                   0,                   0,                   0,            0.040416,            0.034774,            0.024787,           0.0089605,           0.0089605,           0.0089605
                  23,            0.041973,            0.026951,            0.024651,                   0,                   0,                   0,                   0,            0.040433,            0.034141,            0.024744,            0.008911,            0.008911,            0.008911
                  24,            0.041943,            0.026196,            0.024634,                   0,                   0,                   0,                   0,            0.040471,            0.033527,            0.024748,           0.0088615,           0.0088615,           0.0088615
                  25,            0.040833,            0.027275,            0.024592,                   0,                   0,                   0,                   0,             0.04051,             0.03313,            0.024524,            0.008812,            0.008812,            0.008812
                  26,            0.041511,            0.028594,            0.024468,                   0,                   0,                   0,                   0,            0.040574,             0.03279,            0.024357,           0.0087625,           0.0087625,           0.0087625
                  27,            0.040746,            0.028114,            0.024454,          4.2548e-05,          0.00057208,          3.3398e-05,          3.3398e-06,            0.040573,            0.032281,             0.02428,            0.008713,            0.008713,            0.008713
                  28,             0.04145,            0.026779,            0.024273,                   0,                   0,                   0,                   0,            0.040624,            0.031591,            0.024162,           0.0086635,           0.0086635,           0.0086635
                  29,            0.041822,             0.02571,            0.024187,                   0,                   0,                   0,                   0,            0.040625,            0.031285,             0.02409,            0.008614,            0.008614,            0.008614
                  30,            0.041864,            0.024967,            0.024049,                   0,                   0,                   0,                   0,            0.040572,             0.03107,            0.024088,           0.0085645,           0.0085645,           0.0085645
                  31,            0.041935,            0.025787,            0.023933,          0.00073099,          0.00057208,          0.00037046,          3.7046e-05,            0.040551,             0.03113,            0.024074,            0.008515,            0.008515,            0.008515
                  32,            0.041471,            0.025166,            0.023827,          5.0569e-05,           0.0022883,          2.7324e-05,          2.7324e-06,             0.04054,            0.030968,            0.024005,           0.0084655,           0.0084655,           0.0084655
                  33,            0.041239,             0.02572,            0.023716,          0.00024754,           0.0085812,          0.00015438,          2.3436e-05,            0.040502,            0.030527,            0.023887,            0.008416,            0.008416,            0.008416
                  34,            0.040965,            0.026692,            0.023642,          0.00049638,             0.01373,          0.00035742,          6.4771e-05,            0.040511,            0.030274,            0.023766,           0.0083665,           0.0083665,           0.0083665
                  35,            0.041512,            0.025116,             0.02341,          0.00065824,            0.016018,          0.00060033,          0.00010583,            0.040526,            0.030092,            0.023615,            0.008317,            0.008317,            0.008317
                  36,            0.040928,            0.026438,            0.023391,           0.0013797,            0.020023,          0.00089419,          0.00012847,            0.040506,            0.029923,            0.023493,           0.0082675,           0.0082675,           0.0082675
                  37,            0.040821,            0.026443,             0.02324,           0.0010459,            0.017162,          0.00086158,          0.00012786,            0.040489,            0.030144,            0.023477,            0.008218,            0.008218,            0.008218
                  38,            0.041535,            0.023901,            0.023047,            0.001158,            0.014874,          0.00070664,          0.00010312,            0.040477,             0.03016,            0.023253,           0.0081685,           0.0081685,           0.0081685
                  39,            0.041481,            0.023847,            0.022896,            0.002337,            0.026888,           0.0018573,          0.00029507,            0.040457,            0.030394,            0.023001,            0.008119,            0.008119,            0.008119
                  40,            0.041146,            0.024201,            0.022735,           0.0026901,            0.037757,           0.0027007,           0.0003878,            0.040438,            0.030479,            0.022805,           0.0080695,           0.0080695,           0.0080695
                  41,            0.040945,            0.024107,            0.022565,           0.0026964,            0.040618,           0.0037515,          0.00058029,            0.040358,            0.030505,            0.022687,             0.00802,             0.00802,             0.00802
                  42,            0.040466,             0.02732,            0.022542,            0.003062,            0.049771,           0.0071623,           0.0010022,             0.04022,            0.030059,            0.022494,           0.0079705,           0.0079705,           0.0079705
                  43,            0.041371,             0.02425,            0.022336,           0.0029923,            0.060641,           0.0044409,          0.00077955,             0.04012,            0.030126,            0.022326,            0.007921,            0.007921,            0.007921
                  44,            0.040745,            0.024848,            0.022162,           0.0038042,            0.079519,           0.0049026,           0.0010098,            0.040057,            0.030421,            0.022257,           0.0078715,           0.0078715,           0.0078715
                  45,            0.040167,            0.025587,            0.022008,            0.056684,            0.034325,           0.0064449,            0.001326,             0.04008,            0.030489,            0.022115,            0.007822,            0.007822,            0.007822
                  46,            0.040237,            0.024561,            0.021852,             0.11069,            0.026316,           0.0058125,           0.0010468,            0.040152,            0.030575,            0.021983,           0.0077725,           0.0077725,           0.0077725
                  47,            0.040452,            0.025663,            0.021633,             0.21757,            0.020595,           0.0058784,            0.001092,             0.03996,            0.030388,            0.021888,            0.007723,            0.007723,            0.007723
                  48,            0.040312,            0.024906,            0.021433,             0.59076,            0.022311,           0.0075694,            0.001428,            0.039959,            0.030291,            0.021726,           0.0076735,           0.0076735,           0.0076735
                  49,            0.040908,            0.022992,            0.021235,             0.53644,            0.021167,           0.0069825,           0.0014774,            0.039834,            0.030166,            0.021533,            0.007624,            0.007624,            0.007624
                  50,            0.040562,            0.023944,              0.0211,             0.42891,            0.020595,           0.0057791,           0.0012296,            0.039782,            0.030357,            0.021286,           0.0075745,           0.0075745,           0.0075745
                  51,            0.040964,            0.022567,            0.020719,             0.27167,            0.033181,           0.0067834,           0.0015771,            0.039626,            0.030513,            0.020922,            0.007525,            0.007525,            0.007525
                  52,            0.040328,            0.023962,            0.020739,             0.38169,            0.028531,           0.0072401,           0.0014578,            0.039629,            0.029855,            0.020829,           0.0074755,           0.0074755,           0.0074755
                  53,            0.039668,            0.023859,            0.020449,             0.53651,            0.026888,           0.0087034,           0.0017063,            0.039569,            0.029565,            0.020787,            0.007426,            0.007426,            0.007426
                  54,            0.039886,             0.02326,            0.020243,             0.32968,            0.036613,           0.0085244,           0.0017341,            0.039563,            0.029659,            0.020755,           0.0073765,           0.0073765,           0.0073765
                  55,            0.039873,            0.023573,            0.020107,             0.22148,            0.062929,           0.0086159,           0.0019874,            0.039581,            0.029801,            0.020515,            0.007327,            0.007327,            0.007327
                  56,            0.038378,            0.026651,              0.0202,              0.4375,            0.024027,            0.012228,           0.0023407,            0.039439,            0.030644,            0.020559,           0.0072775,           0.0072775,           0.0072775
                  57,            0.039491,            0.024004,            0.019633,              0.4406,            0.029748,            0.013609,           0.0032551,            0.039194,            0.030156,            0.020257,            0.007228,            0.007228,            0.007228
                  58,            0.038714,            0.024328,            0.019616,              0.4409,            0.028604,            0.013915,           0.0035192,            0.039357,            0.031674,            0.020378,           0.0071785,           0.0071785,           0.0071785
                  59,             0.03928,            0.024665,            0.019301,             0.50585,            0.025635,            0.013461,           0.0034089,            0.039395,             0.03162,            0.020087,            0.007129,            0.007129,            0.007129
                  60,             0.03914,            0.024912,            0.019078,             0.28943,            0.046629,            0.017322,           0.0040034,            0.039293,            0.030541,            0.019571,           0.0070795,           0.0070795,           0.0070795
                  61,            0.038063,            0.025433,            0.018661,              0.4123,            0.041762,            0.018751,           0.0046318,            0.039221,            0.030293,            0.019333,             0.00703,             0.00703,             0.00703
                  62,            0.039166,            0.023533,            0.018529,             0.24753,            0.066934,            0.022021,           0.0051289,            0.038751,            0.029442,            0.019057,           0.0069805,           0.0069805,           0.0069805
                  63,            0.038721,            0.023744,            0.018282,             0.25015,            0.077167,            0.024525,           0.0056927,            0.038721,            0.029622,            0.018666,            0.006931,            0.006931,            0.006931
                  64,            0.038996,            0.025541,             0.01801,             0.30655,            0.075515,            0.028819,           0.0060712,            0.038426,            0.028868,            0.018363,           0.0068815,           0.0068815,           0.0068815
                  65,            0.038345,            0.024022,            0.017696,             0.31676,            0.081808,             0.02563,           0.0066421,            0.038382,             0.02938,            0.018736,            0.006832,            0.006832,            0.006832
                  66,            0.037873,            0.023865,            0.017581,             0.39602,            0.048055,            0.021538,           0.0045916,             0.03875,            0.030227,            0.019304,           0.0067825,           0.0067825,           0.0067825
                  67,            0.039027,            0.022989,            0.017385,             0.30596,            0.055492,            0.025938,           0.0060299,            0.038499,            0.029797,              0.0181,            0.006733,            0.006733,            0.006733
                  68,            0.038111,            0.023118,            0.016832,             0.31101,            0.075515,            0.030451,           0.0072837,            0.038298,            0.029118,            0.017746,           0.0066835,           0.0066835,           0.0066835
                  69,            0.038101,            0.024476,            0.016686,             0.26384,            0.083473,            0.034204,           0.0076707,            0.038178,            0.028891,            0.017591,            0.006634,            0.006634,            0.006634
                  70,            0.038351,            0.023601,            0.016418,             0.27596,             0.10228,            0.047435,             0.01092,            0.037977,            0.028189,            0.016669,           0.0065845,           0.0065845,           0.0065845
                  71,            0.038379,            0.022863,            0.016238,              0.2768,             0.10011,            0.047637,            0.010574,            0.037747,            0.028476,            0.016454,            0.006535,            0.006535,            0.006535
                  72,            0.038549,            0.023406,            0.015948,             0.28187,             0.10526,            0.045439,            0.010603,            0.037795,            0.028798,            0.016659,           0.0064855,           0.0064855,           0.0064855
                  73,            0.037474,             0.02486,            0.015851,             0.28276,             0.12316,            0.051638,             0.01229,             0.03737,            0.028956,            0.016205,            0.006436,            0.006436,            0.006436
                  74,             0.03747,            0.023386,             0.01545,             0.28238,             0.11499,            0.048171,            0.011799,            0.037469,            0.028661,            0.015972,           0.0063865,           0.0063865,           0.0063865
                  75,            0.036986,            0.022848,            0.015194,             0.24962,             0.08524,            0.026676,           0.0051042,             0.03782,            0.028231,            0.015476,            0.006337,            0.006337,            0.006337
                  76,            0.038039,            0.023202,            0.015084,             0.28306,             0.10698,            0.050781,            0.013048,            0.037272,             0.02934,            0.015391,           0.0062875,           0.0062875,           0.0062875
                  77,            0.037018,            0.023384,            0.014814,             0.23519,             0.10547,            0.037051,           0.0076894,            0.037683,            0.029197,            0.015395,            0.006238,            0.006238,            0.006238
                  78,            0.037151,            0.023851,            0.014475,             0.25204,             0.14391,            0.062879,             0.01445,            0.037426,            0.029098,             0.01504,           0.0061885,           0.0061885,           0.0061885
                  79,            0.037198,            0.024651,            0.014366,             0.21177,             0.14055,            0.061341,            0.015475,            0.037577,            0.028826,            0.015183,            0.006139,            0.006139,            0.006139
                  80,            0.037722,            0.023538,             0.01424,              0.2561,             0.13272,            0.062728,            0.013914,            0.037222,            0.029428,            0.014634,           0.0060895,           0.0060895,           0.0060895
                  81,            0.036997,            0.024614,            0.013898,             0.10077,             0.16943,            0.077827,            0.017856,            0.037025,            0.028834,            0.014198,             0.00604,             0.00604,             0.00604
                  82,            0.036425,            0.025102,            0.013578,             0.15044,             0.13622,            0.063049,            0.015124,             0.03715,            0.029754,              0.0141,           0.0059905,           0.0059905,           0.0059905
                  83,            0.035507,            0.024274,            0.013573,             0.21365,             0.14874,            0.061946,            0.014871,             0.03749,            0.030184,            0.013881,            0.005941,            0.005941,            0.005941
                  84,            0.036799,            0.023918,            0.013328,             0.20212,             0.17849,             0.06949,            0.017213,            0.036723,            0.029713,            0.013316,           0.0058915,           0.0058915,           0.0058915
                  85,            0.035964,             0.02481,            0.013124,              0.1719,             0.17598,            0.047019,            0.010046,            0.037724,            0.028645,            0.013306,            0.005842,            0.005842,            0.005842
                  86,             0.03693,            0.024463,             0.01286,              0.2121,             0.16065,            0.071301,            0.017179,            0.037064,            0.029414,            0.014903,           0.0057925,           0.0057925,           0.0057925
                  87,            0.037224,             0.02284,            0.012615,              0.1249,             0.13558,            0.049809,             0.01018,            0.036382,            0.029297,            0.012682,            0.005743,            0.005743,            0.005743
                  88,            0.035877,            0.024738,            0.012511,             0.13163,            0.077803,             0.01512,           0.0025396,            0.038493,            0.028795,            0.014011,           0.0056935,           0.0056935,           0.0056935
                  89,            0.037158,            0.022312,            0.012186,             0.16427,             0.19639,            0.075413,            0.017532,            0.036622,            0.029107,            0.012402,            0.005644,            0.005644,            0.005644
                  90,            0.035319,            0.023993,            0.012042,             0.11787,             0.21368,            0.093537,            0.023567,            0.036025,            0.029177,            0.012245,           0.0055945,           0.0055945,           0.0055945
                  91,            0.036065,            0.024565,            0.012005,             0.27752,             0.21717,             0.10216,            0.024391,            0.036261,            0.030148,            0.012267,            0.005545,            0.005545,            0.005545
                  92,             0.03643,            0.023665,            0.011711,             0.16099,             0.21043,            0.088259,            0.021511,            0.036456,            0.029762,            0.011821,           0.0054955,           0.0054955,           0.0054955
                  93,            0.036275,            0.023014,            0.011426,             0.15425,             0.19835,            0.084406,            0.021226,            0.036404,            0.029455,            0.011536,            0.005446,            0.005446,            0.005446
                  94,            0.035155,            0.023253,            0.011252,             0.17726,             0.21167,             0.09779,            0.023042,            0.035727,             0.02973,             0.01145,           0.0053965,           0.0053965,           0.0053965
                  95,            0.035271,            0.022981,            0.011036,             0.15655,             0.21695,             0.08236,            0.019267,            0.036084,            0.029995,            0.011094,            0.005347,            0.005347,            0.005347
                  96,            0.036004,            0.022983,            0.010875,             0.23505,             0.19122,            0.086335,            0.017442,            0.035865,            0.030007,            0.011317,           0.0052975,           0.0052975,           0.0052975
                  97,            0.035845,            0.022881,            0.010818,             0.12882,             0.13091,             0.05537,            0.010354,            0.036045,            0.029299,            0.011078,            0.005248,            0.005248,            0.005248
                  98,            0.034905,            0.023167,            0.010649,              0.2533,              0.1865,            0.070527,            0.015237,            0.036164,            0.031222,            0.011354,           0.0051985,           0.0051985,           0.0051985
                  99,            0.036039,            0.023289,            0.010359,             0.26743,             0.17616,            0.078656,            0.015658,            0.035602,            0.031016,            0.010973,            0.005149,            0.005149,            0.005149
                 100,            0.034914,            0.023516,            0.010164,             0.20592,            0.078947,            0.033568,           0.0060939,            0.036321,            0.031159,             0.01115,           0.0050995,           0.0050995,           0.0050995
                 101,            0.035499,            0.022521,            0.010097,             0.18957,             0.19245,            0.071676,            0.015749,            0.036273,            0.031108,             0.01102,             0.00505,             0.00505,             0.00505
                 102,            0.033514,            0.024454,            0.010005,             0.13376,             0.20018,             0.10174,            0.019888,            0.035149,            0.030346,            0.010555,           0.0050005,           0.0050005,           0.0050005
                 103,            0.033769,            0.023604,           0.0098388,             0.13901,             0.16648,            0.065034,            0.013992,            0.035932,            0.030112,            0.010696,            0.004951,            0.004951,            0.004951
                 104,            0.035512,            0.023269,           0.0097571,             0.12163,              0.2095,              0.1001,            0.020123,            0.034777,            0.031254,            0.010129,           0.0049015,           0.0049015,           0.0049015
                 105,             0.03471,            0.022151,           0.0094287,             0.14691,             0.25855,              0.1289,            0.031144,            0.034868,            0.031536,           0.0097767,            0.004852,            0.004852,            0.004852
                 106,            0.034346,            0.022864,           0.0094201,             0.13097,             0.23306,             0.11174,            0.027371,            0.035295,            0.031156,           0.0096361,           0.0048025,           0.0048025,           0.0048025
                 107,            0.034414,            0.024648,           0.0094223,             0.15228,             0.22868,             0.12542,            0.032725,            0.034794,            0.030944,           0.0094934,            0.004753,            0.004753,            0.004753
                 108,            0.034214,            0.024323,            0.009078,             0.12911,             0.23427,             0.11343,            0.027269,            0.035028,             0.03016,           0.0092945,           0.0047035,           0.0047035,           0.0047035
                 109,             0.03334,            0.024233,            0.009039,             0.10488,              0.2344,            0.084047,            0.022319,            0.035658,            0.029881,            0.009499,            0.004654,            0.004654,            0.004654
                 110,            0.034589,            0.024028,           0.0089246,             0.19837,             0.25773,             0.14055,            0.035636,             0.03505,            0.030761,           0.0094239,           0.0046045,           0.0046045,           0.0046045
                 111,            0.034207,             0.02332,           0.0086261,             0.16751,             0.29748,             0.15902,            0.040526,            0.034342,             0.03131,           0.0086672,            0.004555,            0.004555,            0.004555
                 112,            0.033538,            0.024396,           0.0084743,             0.18761,             0.24857,             0.11415,            0.027888,            0.034883,            0.031805,           0.0089598,           0.0045055,           0.0045055,           0.0045055
                 113,             0.03421,            0.023956,           0.0085911,             0.15155,             0.28261,             0.14598,            0.036505,             0.03508,            0.030285,           0.0085267,            0.004456,            0.004456,            0.004456
                 114,            0.034146,            0.023373,           0.0083811,             0.14086,             0.27487,             0.12828,            0.030211,             0.03458,            0.030944,           0.0085137,           0.0044065,           0.0044065,           0.0044065
                 115,            0.034725,            0.023387,           0.0082997,             0.17786,             0.27772,             0.15872,            0.039138,            0.034182,            0.031047,           0.0083248,            0.004357,            0.004357,            0.004357
                 116,            0.033581,             0.02398,           0.0083585,             0.16344,             0.28311,             0.15128,            0.039192,             0.03487,            0.030207,           0.0081484,           0.0043075,           0.0043075,           0.0043075
                 117,            0.034455,            0.022943,           0.0081928,             0.11683,             0.25555,             0.11556,            0.028468,            0.035292,            0.031179,           0.0085482,            0.004258,            0.004258,            0.004258
                 118,            0.032866,            0.024267,           0.0080138,              0.1647,             0.28579,             0.15411,            0.037339,            0.034019,            0.031615,           0.0081752,           0.0042085,           0.0042085,           0.0042085
                 119,            0.034511,            0.023613,           0.0080285,             0.19736,             0.24317,             0.12931,            0.029485,             0.03487,            0.033264,           0.0092406,            0.004159,            0.004159,            0.004159
                 120,            0.034078,             0.02393,           0.0078418,             0.17972,             0.27465,             0.15277,            0.035175,            0.034348,            0.032878,           0.0084818,           0.0041095,           0.0041095,           0.0041095
                 121,            0.032876,            0.023505,           0.0077321,             0.17269,             0.31182,             0.17135,            0.044632,            0.034043,            0.032621,           0.0079012,             0.00406,             0.00406,             0.00406
                 122,            0.033316,            0.022324,           0.0075624,             0.16592,             0.30481,             0.15824,            0.039151,            0.034079,            0.032463,           0.0077216,           0.0040105,           0.0040105,           0.0040105
                 123,            0.033071,            0.023542,           0.0072931,             0.20345,             0.29811,             0.14077,            0.036576,            0.034841,            0.032436,           0.0078549,            0.003961,            0.003961,            0.003961
                 124,            0.034812,            0.022888,           0.0074963,             0.15159,             0.26099,             0.12653,             0.02898,            0.034181,            0.030951,           0.0073424,           0.0039115,           0.0039115,           0.0039115
                 125,            0.032734,            0.024062,           0.0074047,             0.23552,             0.25172,             0.12784,            0.030808,            0.034766,            0.032125,           0.0079516,            0.003862,            0.003862,            0.003862
                 126,            0.032282,            0.024818,           0.0073928,             0.11735,             0.19894,            0.086937,            0.019308,            0.035137,            0.029649,           0.0074445,           0.0038125,           0.0038125,           0.0038125
                 127,            0.034223,            0.023533,           0.0072816,             0.19002,             0.30816,             0.17224,            0.044388,             0.03363,            0.031132,           0.0071158,            0.003763,            0.003763,            0.003763
                 128,            0.033688,             0.02325,           0.0071681,            0.077337,             0.14188,            0.056125,           0.0092759,            0.034986,            0.029967,           0.0072699,           0.0037135,           0.0037135,           0.0037135
                 129,            0.034048,            0.022419,           0.0070121,             0.15448,             0.29137,             0.14885,            0.037782,            0.034575,            0.031542,           0.0071969,            0.003664,            0.003664,            0.003664
                 130,              0.0326,            0.025559,           0.0071776,             0.18052,             0.32273,             0.17143,            0.040204,            0.034041,             0.03212,           0.0072285,           0.0036145,           0.0036145,           0.0036145
                 131,            0.032509,            0.024254,           0.0069851,             0.18005,             0.33196,             0.17621,            0.046852,            0.033729,            0.031803,           0.0070551,            0.003565,            0.003565,            0.003565
                 132,            0.032123,            0.024377,           0.0068159,             0.18992,             0.33502,             0.18567,            0.048757,            0.033547,            0.031837,           0.0068763,           0.0035155,           0.0035155,           0.0035155
                 133,            0.032856,            0.022699,           0.0067639,             0.17843,             0.31375,             0.17395,            0.045845,            0.033598,             0.03169,           0.0069285,            0.003466,            0.003466,            0.003466
                 134,            0.032042,            0.023285,            0.006709,              0.1944,             0.30109,             0.18173,            0.040448,              0.0334,            0.032401,            0.006998,           0.0034165,           0.0034165,           0.0034165
                 135,            0.032461,            0.022962,           0.0066053,             0.15838,             0.27746,             0.14049,            0.030757,            0.033781,            0.032453,           0.0069426,            0.003367,            0.003367,            0.003367
                 136,            0.032591,            0.023518,            0.006486,             0.15453,             0.30632,             0.14973,            0.036086,            0.033977,            0.031636,           0.0068857,           0.0033175,           0.0033175,           0.0033175
                 137,            0.032775,             0.02285,           0.0065859,             0.18999,             0.32843,             0.17853,            0.042392,             0.03339,            0.031877,           0.0067363,            0.003268,            0.003268,            0.003268
                 138,            0.031707,            0.024939,           0.0066644,             0.19624,              0.3155,             0.19162,            0.052183,            0.033545,            0.032923,           0.0069172,           0.0032185,           0.0032185,           0.0032185
                 139,            0.033642,            0.023501,           0.0065629,             0.17956,             0.31865,              0.1744,            0.047067,            0.033804,            0.031899,            0.006882,            0.003169,            0.003169,            0.003169
                 140,            0.032813,            0.022865,           0.0064781,             0.16871,             0.33422,             0.16816,            0.045637,            0.033732,            0.031509,           0.0065278,           0.0031195,           0.0031195,           0.0031195
                 141,            0.032658,            0.023029,           0.0064365,             0.19104,             0.30738,             0.18577,            0.049889,            0.033602,            0.032006,           0.0065835,             0.00307,             0.00307,             0.00307
                 142,            0.033271,            0.023113,           0.0064589,             0.16925,             0.32037,             0.17255,            0.047781,            0.033969,            0.031638,           0.0067338,           0.0030205,           0.0030205,           0.0030205
                 143,            0.032758,            0.024614,           0.0062942,             0.19533,             0.33289,             0.19374,            0.050162,            0.033433,            0.030896,            0.006458,            0.002971,            0.002971,            0.002971
                 144,            0.032092,            0.023614,           0.0061246,             0.19786,             0.31785,             0.18385,            0.046286,            0.033391,            0.030958,           0.0062963,           0.0029215,           0.0029215,           0.0029215
                 145,            0.031217,            0.023648,           0.0060823,             0.18646,             0.33725,             0.18231,            0.047817,            0.033364,            0.031457,           0.0062711,            0.002872,            0.002872,            0.002872
                 146,            0.031751,            0.023625,           0.0061676,              0.1916,             0.36109,             0.19526,            0.049746,            0.033014,            0.031716,           0.0062231,           0.0028225,           0.0028225,           0.0028225
                 147,            0.031903,            0.023856,           0.0060598,             0.19087,             0.34989,             0.18989,            0.051109,            0.033341,            0.031955,           0.0063954,            0.002773,            0.002773,            0.002773
                 148,            0.031369,            0.024568,           0.0059766,             0.21207,             0.35067,             0.21017,            0.052837,            0.033093,            0.032144,           0.0062058,           0.0027235,           0.0027235,           0.0027235
                 149,            0.031095,            0.024439,           0.0059568,             0.19822,             0.35856,             0.20005,            0.053238,             0.03306,            0.031818,           0.0060631,            0.002674,            0.002674,            0.002674
                 150,            0.031749,            0.023457,           0.0060438,             0.19349,             0.35648,             0.19269,            0.051922,            0.033177,            0.031857,           0.0060306,           0.0026245,           0.0026245,           0.0026245
                 151,            0.031564,            0.023609,           0.0060045,             0.19084,             0.35719,             0.20231,            0.052476,            0.033335,            0.031296,           0.0061547,            0.002575,            0.002575,            0.002575
                 152,            0.031916,            0.023855,           0.0060544,             0.19504,             0.35041,             0.20292,            0.057142,            0.033324,            0.031427,           0.0059865,           0.0025255,           0.0025255,           0.0025255
                 153,            0.032006,            0.024789,           0.0059134,             0.19508,             0.35759,             0.19833,            0.056363,            0.033029,            0.031685,           0.0059699,            0.002476,            0.002476,            0.002476
                 154,             0.03142,            0.023401,           0.0058669,              0.1991,             0.33291,             0.19448,            0.042484,            0.033041,            0.031146,           0.0058539,           0.0024265,           0.0024265,           0.0024265
                 155,            0.031863,              0.0227,           0.0058803,              0.2013,             0.29787,              0.1797,            0.037126,            0.033509,            0.031898,           0.0061996,            0.002377,            0.002377,            0.002377
                 156,            0.030683,            0.024277,           0.0057529,             0.21333,             0.32437,             0.20324,            0.047489,            0.033223,            0.031335,           0.0060817,           0.0023275,           0.0023275,           0.0023275
                 157,            0.031789,             0.02263,           0.0057438,             0.21149,             0.33564,             0.19987,            0.041666,            0.032922,            0.031299,           0.0057988,            0.002278,            0.002278,            0.002278
                 158,            0.031269,            0.023559,           0.0055582,             0.19988,             0.32572,             0.19876,            0.055105,              0.0332,            0.031849,           0.0058486,           0.0022285,           0.0022285,           0.0022285
                 159,            0.031785,            0.023784,           0.0056855,             0.21141,             0.35224,              0.2127,            0.058112,             0.03299,            0.031546,           0.0058182,            0.002179,            0.002179,            0.002179
                 160,            0.031262,            0.023509,            0.005554,             0.20578,               0.354,             0.20857,            0.056622,            0.032974,             0.03164,           0.0057609,           0.0021295,           0.0021295,           0.0021295
                 161,             0.03232,            0.024509,           0.0058665,             0.20546,             0.34738,             0.20659,            0.053606,            0.033014,             0.03175,           0.0057642,             0.00208,             0.00208,             0.00208
                 162,            0.031104,            0.024451,           0.0056733,             0.20707,             0.35977,             0.21304,            0.053907,            0.032938,            0.031785,           0.0057009,           0.0020305,           0.0020305,           0.0020305
                 163,            0.031563,             0.02295,           0.0057608,              0.2257,             0.33249,             0.21491,            0.057098,            0.032844,            0.032027,           0.0057169,            0.001981,            0.001981,            0.001981
                 164,            0.031112,             0.02487,            0.005558,             0.22407,             0.34585,             0.22001,            0.054398,            0.032717,            0.031875,           0.0056523,           0.0019315,           0.0019315,           0.0019315
                 165,            0.030848,            0.025216,            0.005534,             0.20401,             0.36054,             0.21048,             0.05826,            0.032762,            0.032143,           0.0056346,            0.001882,            0.001882,            0.001882
                 166,            0.031567,            0.024951,           0.0055477,             0.21011,              0.3386,             0.20217,            0.047392,            0.032861,             0.03179,           0.0056975,           0.0018325,           0.0018325,           0.0018325
                 167,            0.031309,            0.023083,           0.0053427,             0.20157,             0.30474,             0.18587,             0.03927,            0.033103,            0.031871,           0.0057219,            0.001783,            0.001783,            0.001783
                 168,            0.032161,            0.023013,           0.0055641,             0.21407,             0.35169,             0.21027,            0.051532,            0.032755,            0.032464,           0.0056145,           0.0017335,           0.0017335,           0.0017335
                 169,            0.030511,            0.024124,           0.0055552,             0.19776,             0.34662,              0.2029,            0.057369,             0.03294,            0.032193,           0.0057019,            0.001684,            0.001684,            0.001684
                 170,             0.03098,            0.024014,            0.005492,             0.21142,             0.32105,             0.19276,            0.040687,            0.032804,            0.031553,           0.0056443,           0.0016345,           0.0016345,           0.0016345
                 171,            0.032425,            0.022394,           0.0055843,             0.21522,             0.34476,             0.21243,            0.059304,             0.03292,             0.03171,           0.0055976,            0.001585,            0.001585,            0.001585
                 172,            0.030849,            0.024698,            0.005659,              0.2382,             0.34038,             0.22675,            0.059325,            0.032608,            0.031864,           0.0055454,           0.0015355,           0.0015355,           0.0015355
                 173,            0.030724,            0.024553,           0.0053057,             0.22787,             0.36442,             0.23274,            0.061118,            0.032507,             0.03198,           0.0055478,            0.001486,            0.001486,            0.001486
                 174,            0.030386,            0.024471,           0.0053782,             0.22642,             0.36303,             0.23013,            0.061865,            0.032498,            0.031893,           0.0055594,           0.0014365,           0.0014365,           0.0014365
                 175,             0.03083,            0.023466,           0.0053989,             0.22679,             0.36384,              0.2297,            0.059526,            0.032345,            0.031756,           0.0054146,            0.001387,            0.001387,            0.001387
                 176,            0.030658,            0.023539,           0.0053335,             0.22445,             0.36299,             0.22706,            0.059241,             0.03236,            0.032008,           0.0053933,           0.0013375,           0.0013375,           0.0013375
                 177,            0.030185,            0.024118,           0.0051792,             0.22803,             0.35783,             0.22664,            0.061738,             0.03242,            0.032186,            0.005403,            0.001288,            0.001288,            0.001288
                 178,            0.031458,             0.02351,           0.0056108,             0.21741,             0.35356,             0.21939,            0.061745,            0.032572,            0.032176,            0.005447,           0.0012385,           0.0012385,           0.0012385
                 179,            0.031469,             0.02394,            0.005525,             0.22715,             0.36055,             0.23232,            0.061834,            0.032422,            0.032248,           0.0054582,            0.001189,            0.001189,            0.001189
                 180,            0.030756,            0.023577,           0.0054445,             0.22755,             0.37161,              0.2362,            0.059118,            0.032444,            0.032198,           0.0055189,           0.0011395,           0.0011395,           0.0011395
                 181,            0.031074,            0.023576,           0.0055418,             0.23064,             0.34942,             0.22927,            0.062272,            0.032399,            0.032361,            0.005425,             0.00109,             0.00109,             0.00109
                 182,            0.030268,            0.024261,           0.0052271,             0.23207,             0.36982,             0.23428,            0.061132,            0.032399,            0.032624,            0.005469,           0.0010405,           0.0010405,           0.0010405
                 183,            0.029772,            0.024468,           0.0052157,              0.2417,             0.36015,             0.23559,            0.060304,            0.032479,            0.032234,           0.0054859,            0.000991,            0.000991,            0.000991
                 184,            0.030307,            0.023452,           0.0052178,             0.24005,              0.3269,             0.23472,             0.06515,              0.0325,             0.03218,           0.0055059,           0.0009415,           0.0009415,           0.0009415
                 185,            0.030921,            0.024179,           0.0052742,             0.23725,             0.34444,             0.23729,            0.065863,            0.032311,             0.03197,           0.0054177,            0.000892,            0.000892,            0.000892
                 186,            0.031334,            0.023514,           0.0053366,             0.22246,             0.36349,             0.22673,            0.064191,            0.032416,            0.031758,           0.0053962,           0.0008425,           0.0008425,           0.0008425
                 187,            0.031213,            0.023647,           0.0053461,             0.23192,              0.3787,             0.23109,             0.06066,            0.032337,            0.031788,           0.0053116,            0.000793,            0.000793,            0.000793
                 188,            0.030344,            0.024007,           0.0052508,              0.2323,             0.35975,             0.23189,            0.060298,             0.03222,            0.031769,           0.0052742,           0.0007435,           0.0007435,           0.0007435
                 189,            0.030159,             0.02438,           0.0051869,              0.2318,             0.37657,             0.23773,            0.063136,            0.032239,            0.031799,           0.0052927,            0.000694,            0.000694,            0.000694
                 190,            0.030979,            0.023985,           0.0054108,             0.21614,             0.39598,             0.23298,            0.063708,            0.032271,            0.031837,           0.0052754,           0.0006445,           0.0006445,           0.0006445
                 191,            0.030505,            0.024894,           0.0052692,             0.22973,              0.4014,             0.24296,            0.062862,            0.032183,             0.03189,           0.0052384,            0.000595,            0.000595,            0.000595
                 192,            0.029809,            0.024255,           0.0052243,              0.2284,             0.38682,             0.23285,            0.058542,            0.032226,            0.031879,           0.0052514,           0.0005455,           0.0005455,           0.0005455
                 193,            0.030499,            0.024218,           0.0052692,             0.22775,             0.38679,             0.23325,            0.059614,            0.032225,            0.031819,           0.0052326,            0.000496,            0.000496,            0.000496
                 194,            0.031016,            0.023613,           0.0055134,             0.22398,             0.38127,             0.23154,            0.059582,            0.032313,             0.03167,           0.0052473,           0.0004465,           0.0004465,           0.0004465
                 195,             0.03025,            0.024913,           0.0053071,             0.22455,             0.37521,             0.23023,            0.060454,            0.032325,            0.031542,           0.0052854,            0.000397,            0.000397,            0.000397
                 196,            0.031058,            0.024491,           0.0052896,             0.22841,             0.37159,              0.2306,            0.062602,            0.032339,            0.031554,           0.0052987,           0.0003475,           0.0003475,           0.0003475
                 197,            0.031197,            0.023154,           0.0053228,             0.23033,             0.36821,             0.22806,            0.062965,            0.032343,            0.031536,            0.005295,            0.000298,            0.000298,            0.000298
                 198,            0.031404,            0.023101,           0.0053778,             0.23568,             0.35666,             0.23153,            0.063624,            0.032305,             0.03155,           0.0052782,           0.0002485,           0.0002485,           0.0002485
                 199,            0.030837,            0.023792,           0.0052819,             0.22853,             0.38394,             0.23307,            0.063066,             0.03222,            0.031577,           0.0052709,            0.000199,            0.000199,            0.000199
